Name,District,Address,Lon,Lat
全聯福利中心三峽安溪門市,三峽區,新北市三峽區中華路95號一樓 ,121.371702,24.929286
全聯福利中心三峽光明門市,三峽區,新北市三峽區光明路59.61.63號 ,121.371723,24.932774
全聯福利中心三峽和平門市,三峽區,新北市三峽區和平街65號B1 ,121.370114,24.936611
全聯福利中心三峽學成門市,三峽區,新北市三峽區學成路97.99號 ,121.373395,24.941482
全聯福利中心三重力行門市,三重區,新北市三重區力行路1段54號 ,121.484872,25.068892
全聯福利中心三重三和門市,三重區,新北市三重區三和路2段139號 ,121.498395,25.069439
全聯福利中心三重三和二門市,三重區,新北市三重區三和路4段103號之2 ,121.48713236,25.07662943
全聯福利中心三重中正門市,三重區,新北市三重區中正北路592號 ,121.469886,25.07217
全聯福利中心三重仁愛門市,三重區,新北市三重區仁愛街278號 ,121.492509,25.07891
全聯福利中心三重永福門市,三重區,新北市三重區永福街15號地下1樓 ,121.482013,25.078341
全聯福利中心三重門市,三重區,新北市三重區重安街70號光明市場2樓 ,121.49135902,25.0571224
全聯福利中心三重天台門市,三重區,新北市三重區重新路2段78號之21 ,121.497259,25.061897
全聯福利中心三重集美門市,三重區,新北市三重區集美街61號之1 ,121.488376,25.05428
全聯福利中心三重介壽門市,三重區,新北市三重區龍門路6-1號 ,121.494696,25.071352
全聯福利中心中和大勇門市,中和區,新北市中和區大勇街78號 ,121.518031,24.994915
全聯福利中心中和中山門市,中和區,新北市中和區中山路3段35-2號 ,121.478773,25.005733
全聯福利中心中安門市,中和區,新北市中和區中安街196號B1 ,121.511457,24.999148
全聯福利中心中和民樂門市,中和區,新北市中和區民樂路3號 ,121.482184,25.001336
全聯福利中心中和光華門市,中和區,新北市中和區光華街31巷2號1樓 ,121.505103,25.003999
全聯福利中心中和安平門市,中和區,新北市中和區安平路87、87-1、87-2號1樓、2樓 ,121.510509,24.996374
全聯福利中心中和秀朗門市,中和區,新北市中和區秀朗路3段175巷2號 ,121.524602,24.991224
全聯福利中心南華門市,中和區,新北市中和區南華路27號Ｂ1 ,121.502921,24.996008
全聯福利中心中和景平門市,中和區,新北市中和區景平路541號B1、543號1樓、B1 ,121.49862,24.999349
全聯福利中心景安門市,中和區,新北市中和區景安路34號地下一樓 ,121.507034,24.998354
全聯福利中心中和門市,中和區,新北市中和區景新街516號地下2樓 ,121.51397,24.986764
全聯福利中心五股工商門市,五股區,新北市五股區工商路112號 ,121.437204,25.085583
全聯福利中心五股門市,五股區,新北市五股區成泰路1段235號之13 ,121.436064,25.079465
全聯福利中心土城中央二門市,土城區,新北市土城區中央路2段191號B1-3樓 ,121.442116,24.975542
全聯福利中心土城頂埔門市,土城區,新北市土城區中州路28巷30號2樓 ,121.415167,24.958162
全聯福利中心金城門市,土城區,新北市土城區金城路3段12號B1、B1-1/14號B1 ,121.464924,24.986057
全聯福利中心土城裕民門市,土城區,新北市土城區裕民路116號B1 ,121.45101,24.986536
全聯福利中心土城廣明門市,土城區,新北市土城區廣明街63巷31號1樓 ,121.453907,24.993111
全聯福利中心新店三民門市,新店區,新北市新店區三民路42-1號 ,121.536056,24.971705
全聯福利中心中央門市,新店區,新北市新店區中央五街60號地下室 ,121.527589,24.975462
全聯福利中心新店北宜門市,新店區,新北市新店區北宜路2段82-7號1樓 ,121.554303,24.953407
全聯福利中心新店碧潭門市,新店區,新北市新店區北新路1段181.183號 ,121.540057,24.964446
全聯福利中心北新門市,新店區,新北市新店區北新路二段252號地下室 ,121.542901,24.978049
全聯福利中心大豐門市,新店區,新北市新店區民族路190號地下室 ,121.536325,24.97573
全聯福利中心新店安民門市,新店區,新北市新店區安民街79號 ,121.516552,24.96739
全聯福利中心新店安康門市,新店區,新北市新店區安康路二段133號 ,121.512278,24.960808
全聯福利中心新店建國門市,新店區,新北市新店區建國路210號 ,121.537788,24.980951
全聯福利中心中平門市,新莊區,新北市新莊區中平路82巷27號 ,121.446316,25.044992
全聯福利中心新莊龍安門市,新莊區,新北市新莊區中正路893巷2之1號 ,121.413133,25.020969
全聯福利中心新莊門市,新莊區,新北市新莊區中和街188號地下室 ,121.447594,25.049978
全聯福利中心中港門市,新莊區,新北市新莊區中華路二段1號地下1樓 ,121.453357,25.045016
全聯福利中心公園門市,新莊區,新北市新莊區公園路129號 ,121.457414,25.040844
全聯福利中心新莊化成門市,新莊區,新北市新莊區化成路71號 ,121.465446,25.046028
全聯福利中心新莊民安門市,新莊區,新北市新莊區民安西路309號 ,121.42710509,25.01150743
全聯福利中心鴻金寶門市,新莊區,新北市新莊區民安路188巷5號之2 ,121.424787,25.023239
全聯福利中心西盛門市,新莊區,新北市新莊區西盛街202號 ,121.428037,25.018208
全聯福利中心新莊昌盛門市,新莊區,新北市新莊區昌盛街105號1樓 ,121.456435,25.050024
全聯福利中心新莊建國門市,新莊區,新北市新莊區建國一路53號 ,121.434521,25.030399
全聯福利中心新莊後港門市,新莊區,新北市新莊區後港一路68號 ,121.426675,25.026502
全聯福利中心新莊復興門市,新莊區,新北市新莊區復興路2段47號 ,121.454735,25.044311
全聯福利中心新莊新泰門市,新莊區,新北市新莊區新泰路85號地下樓 ,121.448822,25.034547
全聯福利中心大觀門市,板橋區,新北市板橋區大觀路3段236號B1 ,121.42979,24.992241
全聯福利中心板橋中山門市,板橋區,新北市板橋區中山路2段326號 ,121.481125,25.019727
全聯福利中心板橋中正門市,板橋區,新北市板橋區中正路1巷28號 ,121.454706,25.011417
全聯福利中心文聖門市,板橋區,新北市板橋區文聖街73號1+2樓 ,121.477291,25.030543
全聯福利中心板橋長江門市,板橋區,新北市板橋區民生路3段323號B1之4、B1之5 ,121.463237,25.031338
全聯福利中心板橋新埔門市,板橋區,新北市板橋區光武街61號 ,121.467425,25.025703
全聯福利中心板橋江寧門市,板橋區,新北市板橋區江寧路3段29號1樓 ,121.471067,25.03176
全聯福利中心板橋溪洲門市,板橋區,新北市板橋區金門街295號B1 ,121.430226,24.986628
全聯福利中心雨農門市,板橋區,新北市板橋區雨農路27巷2號 ,121.461183,25.024125
全聯福利中心板橋國慶門市,板橋區,新北市板橋區重慶路247號1樓 ,121.46337,25.00055
全聯福利中心板橋國光門市,板橋區,新北市板橋區國光路57號地下1樓 ,121.458481,25.018024
全聯福利中心江子翠門市,板橋區,新北市板橋區雙十路2段209號B1 ,121.473171,25.028925
全聯福利中心林口竹林門市,林口區,新北市林口區竹林路12號 ,121.386968,25.07733
全聯福利中心樹林中山門市,樹林區,新北市樹林區中山路1段29-1.31號 ,121.424367,24.992877
全聯福利中心佳園門市,樹林區,新北市樹林區佳園路1段41巷1號 ,121.393703,24.971364
全聯福利中心樹林保安門市,樹林區,新北市樹林區保安街1段183號 ,121.421206,24.995637
全聯福利中心永和永安門市,永和區,新北市永和區中正路742號 ,121.515091,25.010315
全聯福利中心永和門市,永和區,新北市永和區竹林路179巷4號地下室 ,121.520976,25.009779
全聯福利中心永和福和門市,永和區,新北市永和區福和路353號 ,121.514595,25.007336
全聯福利中心汐止大同門市,汐止區,新北市汐止區大同路二段240號地下1樓 ,121.654022,25.065489
全聯福利中心汐止中興門市,汐止區,新北市汐止區中興路168號B1 ,121.632043,25.065339
全聯福利中心汐止忠孝門市,汐止區,新北市汐止區忠孝東路429號 ,121.665867,25.071872
全聯福利中心汐止建成門市,汐止區,新北市汐止區建成路58號 ,121.663479,25.07314
全聯福利中心汐止康寧門市,汐止區,新北市汐止區康寧街430號 ,121.630905,25.067991
全聯福利中心汐止樟樹門市,汐止區,新北市汐止區樟樹一路8號地下1樓 ,121.641938,25.062129
全聯福利中心汐止龍安門市,汐止區,新北市汐止區龍安路28巷6號 ,121.655094,25.06456
全聯福利中心泰山文程門市,泰山區,新北市泰山區文程路15號 ,121.428167,25.049546
全聯福利中心泰山明志門市,泰山區,新北市泰山區明志路1段21號 ,121.433702,25.065795
全聯福利中心泰山門市,泰山區,新北市泰山區明志路三段87號 ,121.425112,25.041207
全聯福利中心泰山泰林門市,泰山區,新北市泰山區泰林路2段200號 ,121.433407,25.061354
全聯福利中心泰山福興門市,泰山區,新北市泰山區福興二街37號 ,121.43239574,25.05729918
全聯福利中心淡水淡大門市,淡水區,新北市淡水區大忠街89號 ,121.4468109,25.17767604
全聯福利中心竹圍門市,淡水區,新北市淡水區民族路31號地下室 ,121.46109692,25.13680979
全聯福利中心淡水門市,淡水區,新北市淡水區博愛街51巷5號 ,121.44662416,25.16875457
全聯福利中心淡水學府門市,淡水區,新北市淡水區學府路126號B1 ,121.45038521,25.17243966
全聯福利中心深坑平埔門市,深坑區,新北市深坑區平埔街22巷8號 ,121.614982,25.000991
全聯福利中心瑞芳中正門市,瑞芳區,新北市瑞芳區中正路81號 ,121.805304,25.107603
全聯福利中心蘆洲九芎門市,蘆洲區,新北市蘆洲區九芎街90巷6號 ,121.465605,25.080503
全聯福利中心蘆洲中山門市,蘆洲區,新北市蘆洲區中山一路228號 ,121.472894,25.080508
全聯福利中心蘆洲中原門市,蘆洲區,新北市蘆洲區中原路6-10號1樓 ,121.461402,25.083745
全聯福利中心蘆洲民族門市,蘆洲區,新北市蘆洲區水湳街74號1樓 ,121.470484,25.08993
全聯福利中心永樂門市,蘆洲區,新北市蘆洲區永樂街38巷57弄2號 ,121.458295,25.090331
全聯福利中心蘆洲忠孝門市,蘆洲區,新北市蘆洲區保和里15鄰忠孝路23號 ,121.471436,25.085448
全聯福利中心蘆洲長安門市,蘆洲區,新北市蘆洲區長安街232號 ,121.457827,25.085623
全聯福利中心蘆洲重陽門市,蘆洲區,新北市蘆洲區重陽街46號1樓 ,121.481281,25.082806
全聯福利中心北縣金山門市,金山區,新北市金山區中山路114號 ,121.63961318,25.21974179
全聯福利中心鶯歌建國門市,鶯歌區,新北市鶯歌區建國路85號 ,121.353165,24.95392
